2025-12-02_16-06-05,100,draft.py:2025-12-02_16-06-05
2025-12-02_16-13-31,100,draft.py:2025-12-02_16-06-05
2025-12-02_16-16-42,100,draft.py:2025-12-02_16-06-05
2025-12-02_16-44-52,100,draft.py:2025-12-02_16-06-05
2025-12-02_16-51-14,100,draft.py:2025-12-02_16-06-05
2025-12-02_16-52-49,100,draft.py:2025-12-02_16-06-05
2025-12-02_16-52-53,---,draft.py:2025-12-02_16-06-05
2025-12-02_16-53-22,---,draft.py:2025-12-02_16-06-05
2025-12-02_16-56-47,100,draft.py:2025-12-02_16-06-05
2025-12-02_16-56-47,100,draft.py:2025-12-02_16-06-05
2025-12-04_14-25-31,0,draft.py:2025-12-04_14-25-31
